car_id,brand,model,category,level,guide_price_wan
1,大众,朗逸,轿车,A级,13.12
2,大众,速腾,轿车,A+级,12.2
3,大众,迈腾,轿车,B级,19.3
4,大众,途观L,SUV,中型,27.13
5,大众,途昂,SUV,中大型,60.78
6,大众,帕萨特,轿车,B级,24.12
7,大众,ID.4,SUV,新能源,32.52
8,大众,揽境,SUV,大型,29.91
9,丰田,卡罗拉,轿车,A级,11.38
10,丰田,凯美瑞,轿车,B级,16.36
11,丰田,RAV4,SUV,紧凑型,15.75
12,丰田,汉兰达,SUV,中型,33.62
13,丰田,亚洲龙,轿车,B+级,20.32
14,丰田,威兰达,SUV,紧凑型,15.59
15,丰田,bZ4X,SUV,新能源,26.95
16,本田,思域,轿车,A级,12.36
17,本田,雅阁,轿车,B级,18.65
18,本田,CR-V,SUV,紧凑型,18.71
19,本田,缤智,SUV,小型,12.86
20,本田,冠道,SUV,中型,22.15
21,本田,型格,轿车,A级,14.45
22,本田,e:NS1,SUV,新能源,28.06
23,比亚迪,秦PLUS,轿车,新能源,19.83
24,比亚迪,宋PLUS,SUV,新能源,15.58
25,比亚迪,汉,轿车,新能源,34.02
26,比亚迪,唐,SUV,新能源,19.74
27,比亚迪,海豚,轿车,新能源,14.13
28,比亚迪,元PLUS,SUV,新能源,14.22
29,比亚迪,海豹,轿车,新能源,31.49
30,宝马,3系,轿车,B级,23.24
31,宝马,5系,轿车,C级,50.18
32,宝马,X3,SUV,中型,38.78
33,宝马,X5,SUV,中大型,53.77
34,宝马,iX3,SUV,新能源,34.38
35,宝马,X1,SUV,紧凑型,17.03
36,奔驰,C级,轿车,B级,22.62
37,奔驰,E级,轿车,C级,50.74
38,奔驰,GLC,SUV,中型,36.23
39,奔驰,GLE,SUV,中大型,65.16
40,奔驰,A级,轿车,A级,12.62
41,奔驰,EQE,轿车,新能源,28.21
42,日产,轩逸,轿车,A级,8.37
43,日产,天籁,轿车,B级,18.73
44,日产,逍客,SUV,紧凑型,16.32
45,日产,奇骏,SUV,紧凑型,14.64
46,日产,劲客,SUV,小型,9.4
