salesperson_id,name,region,city
1,孔勇亮,华东区,上海
2,张涛杰,华东区,上海
3,沈勇博,华东区,杭州
4,周武博,华东区,杭州
5,褚刚鹏,华东区,杭州
6,魏超勇,华东区,南京
7,韩斌强,华东区,南京
8,孙斌超,华东区,苏州
9,秦明军,华东区,苏州
10,何军博,华东区,宁波
11,姜超博,华东区,宁波
12,魏洋勇,华东区,宁波
13,冯鹏刚,华东区,宁波
14,朱文辉,华东区,合肥
15,曹杰鹏,华东区,合肥
16,冯华建,华东区,合肥
17,吴强磊,华东区,合肥
18,褚辉武,华南区,广州
19,周超超,华南区,广州
20,魏华勇,华南区,深圳
21,赵磊刚,华南区,深圳
22,秦博斌,华南区,深圳
23,王峰辉,华南区,深圳
24,魏伟勇,华南区,东莞
25,卫华磊,华南区,东莞
26,许博华,华南区,佛山
27,蒋洋杰,华南区,佛山
28,褚刚华,华南区,佛山
29,赵武斌,华南区,佛山
30,钱磊杰,华南区,厦门
31,许鹏强,华南区,厦门
32,杨文明,华南区,厦门
33,姜明刚,华南区,福州
34,冯洋建,华南区,福州
35,褚勇华,华北区,北京
36,华军刚,华北区,北京
37,蒋峰超,华北区,北京
38,张亮华,华北区,北京
39,王鹏鹏,华北区,天津
40,周斌伟,华北区,天津
41,韩文鹏,华北区,天津
42,周博强,华北区,石家庄
43,韩明强,华北区,石家庄
44,周华鹏,华北区,太原
45,秦建军,华北区,太原
46,冯文文,华北区,太原
47,杨建辉,华北区,济南
48,蒋磊磊,华北区,济南
49,华杰辉,华北区,济南
50,魏强博,华北区,青岛
51,郑强超,华北区,青岛
52,吕磊鹏,华北区,青岛
53,蒋刚亮,华中区,武汉
54,冯辉涛,华中区,武汉
55,魏鹏明,华中区,长沙
56,金刚磊,华中区,长沙
57,李博刚,华中区,长沙
58,吴鹏涛,华中区,郑州
59,严建建,华中区,郑州
60,曹强涛,华中区,南昌
61,孔伟超,华中区,南昌
62,魏峰辉,西南区,成都
63,姜洋军,西南区,成都
64,尤军强,西南区,成都
65,李斌强,西南区,重庆
66,李文建,西南区,重庆
67,褚强华,西南区,重庆
68,吴涛明,西南区,重庆
69,周鹏超,西南区,昆明
70,王文鹏,西南区,昆明
71,孙武明,西南区,昆明
72,严文文,西南区,昆明
73,何勇军,西南区,贵阳
74,何鹏勇,西南区,贵阳
75,曹洋博,西南区,贵阳
76,许亮斌,西南区,贵阳
77,赵亮武,西北区,西安
78,郑明刚,西北区,西安
79,朱洋杰,西北区,兰州
80,周鹏杰,西北区,兰州
81,褚亮刚,西北区,乌鲁木齐
82,许武博,西北区,乌鲁木齐
83,赵刚峰,西北区,乌鲁木齐
84,郑洋勇,西北区,银川
85,王磊刚,西北区,银川
86,陈勇峰,西北区,银川
87,沈斌军,西北区,银川
88,朱华建,东北区,沈阳
89,朱强明,东北区,沈阳
90,华勇强,东北区,沈阳
91,赵斌洋,东北区,沈阳
92,朱涛亮,东北区,大连
93,华刚伟,东北区,大连
94,王明洋,东北区,大连
95,孙杰文,东北区,大连
96,陈辉洋,东北区,长春
97,孙峰杰,东北区,长春
98,孙杰军,东北区,长春
99,杨磊杰,东北区,长春
100,严武洋,东北区,哈尔滨
101,杨涛涛,东北区,哈尔滨
102,严伟涛,东北区,哈尔滨
103,吕辉鹏,东北区,哈尔滨
